Protein,Position,Quantification
Q15311,29,-0.152
Q9H6S0,1090,0.06875
Q9H6S0,1221,-0.3219
O94804,438,0.06875
O94804,454,0.7655
Q96EB6,47,0.258
Q15459,329,0.263
Q15459,359,-1.3219
Q15459,451,0.5352
Q8N3F8,273,-0.3219
Q8N3F8,486,-0.076
Q14166,16,0
P35579,1714,-0.23695
P35579,1943,0.06875
Q9Y5B9,982,-0.3685
Q9Y5B9,1023,4.4482
Q9H307,100,0
Q9H307,347,0.32075
Q14694,576,-0.152
Q9UNE7,19,-0.076
P08621,401,0.585
Q08117,263,0.4854
Q13442,57,-0.5146
Q13442,60,-0.3219
Q13442,63,-0.41825
Q86VQ1,223,0.1375
Q86VQ1,406,0.1375
P60468,13,0.263
P60468,14,-0.0922
P60468,17,0.263
P60468,19,0.263
Q7Z417,112,-0.2573
Q7Z417,212,-0.3685
Q7Z417,214,-0.5146
Q7Z417,216,0
Q7Z417,571,0.11325
Q7Z417,572,-0.076
Q7Z417,629,0.585
Q7Z417,652,0.06875
Q9H6F5,18,-0.076
Q9H6F5,47,0
Q9H6F5,50,-0.152
Q9H6F5,58,-0.2573
Q9H6F5,91,-0.23695
Q9H6F5,102,-0.076
Q9H6F5,113,-0.16095
Q9H6F5,217,4.1198
Q9H6F5,218,4.2854
P60174,58,0.1375
Q9Y478,108,1.263
Q9Y294,165,-0.152
Q13895,98,-0.076
P51397,3,1.0704
P51397,49,0
P51397,51,0.263
P51397,56,0.258
Q9H8Y8,451,0.263
Q03701,621,-0.152
Q03701,629,-0.152
P52701,14,0.43195
P52701,137,-0.3219
P52701,227,0.1375
Q9BQA1,5,-0.076
Q8NHQ9,544,0
P53621,173,0.263
P13051,23,0.4854
P13051,60,0.1375
Q16512,562,-1.3219
Q92797,1171,0.1375
Q92797,1243,0.20025
Q9BX95,112,-0.00724999999999999
Q05209,435,0.1375
Q05209,670,-1
Q05209,673,-0.23695
Q00587,73,0.1375
Q00587,121,-0.152
Q00587,192,0.63155
Q00587,350,-0.737
P51116,601,-0.23695
Q9BPX3,674,0.3785
Q9UQR0,511,0.5352
J3KMZ8,142,-0.5
Q13263,19,0.263
Q13263,471,0.848
Q13263,473,0.848
Q13263,489,0.926
Q13263,498,1.1375
Q9UPT8,908,0
Q8WUA2,178,0
Q13136,238,-0.5146
Q13136,239,0.263
Q13136,242,-0.152
Q92922,357,0.6781
Q92922,830,-0.737
Q8TEM1,1844,0
Q9C0E2,521,0.67525
Q9C0E2,525,0.263
P30419,47,0
Q9Y597,795,0
Q9BRD0,126,0.4854
Q9BRD0,127,0.6781
Q9BRD0,248,-0.17925
Q9BRD0,271,0.1375
P20020,1155,0
P20700,575,0.3785
O95714,2928,0.1375
O00505,60,-0.23695
Q9P035,114,0.1375
P49756,677,-0.152
Q92576,1642,0.6781
Q92576,1925,2.585
P49790,614,1.5704
P33991,26,-0.5146
P33991,31,-0.5146
Q6ZRS2,2869,0.1375
Q9Y3Z3,592,0.48175
P18887,241,-1.3219
P18887,266,0.3785
P18887,268,0.1375
P18887,447,0.0283
P15923,379,0.7655
O00418,18,0.2427
O00418,470,0.20025
Q16204,254,0.32075
O60885,601,0.4854
Q15054,307,0.48175
Q8N3X1,18,0.20025
Q8N3X1,432,-0.52945
P22059,351,0.1315
Q08J23,453,0.1375
Q08J23,456,0.06875
Q08J23,473,0.4854
P27708,1859,0.9592
Q9NS91,99,-0.152
Q9NS91,471,-0.00724999999999999
P49736,13,-0.076
P49736,26,0.1315
P49736,27,0.1375
P49736,39,-0.52945
P49736,40,-0.152
P49736,41,-0.2573
P49736,139,0.20025
Q9NW82,638,0.20025
Q8WW12,119,0.06875
Q9UHB7,210,-0.3219
Q9UHB7,212,0.1375
Q9UHB7,487,0.1375
Q9UHB7,549,-0.076
Q9UHB7,814,-0.076
Q9NQW6,562,0.3785
Q9NQW6,661,0.7655
P42166,177,0.7655
P42166,184,-1.16095
P42166,351,0.263
P55081,267,0.1375
Q96F63,337,0
Q9P2B4,285,0.263
Q9P2B4,488,0.43195
Q92733,212,0.0555
Q92733,261,0.263
H7BXI1,706,0.263
Q08945,441,0.263
Q08945,444,0.20025
Q08945,667,0.06875
Q01970,537,1.848
Q01970,1105,1
Q9BW71,125,-0.02945
Q9BW71,223,-0.29975
Q9BW71,227,0
Q9BW71,530,0.32075
Q53EL6,76,3.512
Q53EL6,93,0.58175
Q53EL6,94,0.48175
Q53EL6,317,0.4854
Q53EL6,457,2.95395
Q07157,912,0.3785
Q9UKT5,12,0.4854
Q5W0B1,119,0.1375
Q5T200,877,-0.3219
P46937,61,-0.5146
P46937,63,-0.3219
P46937,109,-0.152
P46937,114,-0.152
P46937,127,-0.5146
P46937,131,-0.152
Q9BVS4,337,-0.152
P49792,799,-0.41825
P49792,1399,0
P49792,2008,-0.0922
P49792,2450,-0.152
P49792,2454,-0.4445
P49792,2610,-0.3219
O94826,85,-0.152
O94826,91,-0.076
O94826,96,-0.152
Q9BYG3,247,2.16955
Q9C0B5,380,0.263
Q9C0B5,432,0.3785
A0A2U3TZI2,365,-1.16095
A0A2U3TZI2,447,0.263
O60841,107,0.1315
O60841,113,0
O60841,135,-0.152
O60841,137,-0.41825
O60841,164,0.06875
O60841,186,-0.9445
O60841,214,0
Q9UPN3,2362,0.20025
Q9UPN3,2956,0.18925
Q68EM7,575,-0.00724999999999999
Q9NZT2,315,0.3785
Q9NZT2,378,0.1667
Q9NZI8,181,-0.152
O60318,538,-1.737
Q9UFC0,212,0.06875
Q9UFC0,243,0.06875
Q8TCJ2,18,0.4854
Q8TCJ2,498,-0.4445
Q8TCJ2,499,-0.00724999999999999
Q9UK58,352,0.1375
Q9UK58,445,-0.3333
Q96AT1,50,0.1375
Q8TAD8,35,-0.31075
Q8TAD8,159,0.1375
Q9BXB4,181,-0.737
Q9BXB4,189,0.88275
P46821,541,-0.29975
P46821,544,-0.4445
P46821,704,-0.076
P46821,832,0.48175
P46821,937,-0.3219
P46821,970,-0.02945
P46821,992,2.0352
P46821,995,-1.16095
P46821,1016,0.06875
P46821,1144,0
P46821,1154,0
P46821,1156,0.263
P46821,1208,0.1315
P46821,1252,0.06875
P46821,1262,0.424
P46821,1265,0.424
P46821,1276,0.263
P46821,1378,0.06875
P46821,1389,-0.076
P46821,1400,-0.076
P46821,1427,-0.00724999999999999
P46821,1438,-0.4445
P46821,1501,0.06875
P46821,1631,0
P46821,1633,-0.152
P46821,1653,-0.152
P46821,1657,0
P46821,1779,-0.076
P46821,1782,-0.737
P46821,1785,0.1315
P46821,1792,-0.5146
P46821,1797,0.40365
P46821,1915,0.06875
P46821,1917,0
P46821,1932,-0.152
P46821,1949,-0.152
P46821,1965,-0.152
P46821,2209,-0.0922
P46821,2211,-0.0922
P46821,2271,-0.3219
O95391,235,0.3785
O94913,705,0
Q7Z5K2,221,-0.076
Q9Y3Q8,62,0
Q9Y3Q8,165,-1
Q9Y3Q8,279,2.21715
Q15648,1155,0.3785
Q15648,1156,0.1315
Q15648,1192,-0.5146
Q15648,1196,0.3785
Q15648,1401,0.4078
Q13111,775,0.3785
Q9UQ35,322,0
Q9UQ35,333,0.0555
Q9UQ35,398,0.06875
Q9UQ35,436,-0.076
Q9UQ35,437,-0.00724999999999999
Q9UQ35,440,-0.3219
Q9UQ35,449,0.263
Q9UQ35,486,-0.6258
Q9UQ35,508,-0.076
Q9UQ35,746,0.0352
Q9UQ35,837,-0.3219
Q9UQ35,839,0.06875
Q9UQ35,934,-0.152
Q9UQ35,935,-0.3219
Q9UQ35,972,0.3742
Q9UQ35,973,0.94765
Q9UQ35,1003,-0.076
Q9UQ35,1041,0
Q9UQ35,1043,0
Q9UQ35,1061,0
Q9UQ35,1064,-0.16095
Q9UQ35,1083,0.3785
Q9UQ35,1085,-0.3219
Q9UQ35,1103,-0.2573
Q9UQ35,1106,-0.152
Q9UQ35,1122,0.263
Q9UQ35,1124,0.1315
Q9UQ35,1132,0.263
Q9UQ35,1188,0.31145
Q9UQ35,1320,0
Q9UQ35,1329,0.1315
Q9UQ35,1378,-0.23695
Q9UQ35,1387,0.1315
Q9UQ35,1444,-0.076
Q9UQ35,1462,-0.076
Q9UQ35,1472,-0.00724999999999999
Q9UQ35,1497,-0.41825
Q9UQ35,1502,0.7165
Q9UQ35,1531,-0.5146
Q9UQ35,1537,0.06875
Q9UQ35,1542,0.20025
Q9UQ35,1552,-0.41825
Q9UQ35,1582,-0.3333
Q9UQ35,1616,0
Q9UQ35,1618,0.1375
Q9UQ35,1655,-0.3219
Q9UQ35,1707,-0.3219
Q9UQ35,1854,-0.16095
Q9UQ35,1866,-0.2573
Q9UQ35,1869,-0.18855
Q9UQ35,1878,-0.3685
Q9UQ35,1893,0.43195
Q9UQ35,1916,-0.43125
Q9UQ35,1975,0.4854
Q9UQ35,1987,0.32075
Q9UQ35,2032,-0.0922
Q9UQ35,2044,-0.3685
Q9UQ35,2104,0.263
Q9UQ35,2125,-0.31075
Q9UQ35,2132,0.1375
Q9UQ35,2272,1.60865
Q9UQ35,2329,1.0704
Q9UQ35,2343,-0.23695
Q9UQ35,2397,0.4854
Q9UQ35,2398,0.06875
Q9UQ35,2449,0.43195
Q9UQ35,2581,0.06875
Q9UQ35,2583,0.4854
Q9UQ35,2664,0.3785
Q9UQ35,2688,0.1375
Q9UQ35,2690,-0.29975
Q9UQ35,2694,-0.00724999999999999
Q9UQ35,2702,0
Q9UQ35,2706,-0.00724999999999999
Q1KMD3,161,0
Q1KMD3,165,-0.152
Q1KMD3,185,-0.152
Q1KMD3,226,0
Q1KMD3,228,-0.152
Q13098,468,0.263
Q13098,474,0.1375
Q9UQ80,2,-0.152
Q8TAQ2,347,-0.076
Q8TAQ2,844,0
Q29RF7,1305,0.7655
Q9H6H4,152,0.7779
Q8TDD1,782,-0.6258
Q15365,173,0.263
Q15365,190,0.3785
Q8IU81,384,0.2427
Q8IU81,436,0.263
Q8IU81,453,0.3742
O43290,448,2.1043
Q99638,277,0.20025
Q99638,387,0.06875
Q96T23,604,0
Q96T23,1345,0.20025
O95747,339,0.1375
Q96PK6,206,-0.076
Q96PK6,220,0
E7EXA6,1080,-0.5146
Q14103,80,0.06875
Q14103,83,0
Q9BZ23,189,1.6323
Q9NTI5,1166,-0.3219
Q9NTI5,1182,-1.3219
Q9NTI5,1257,1.3785
Q9NTI5,1283,-0.152
Q9NTI5,1358,-0.3219
Q13177,2,0
Q13177,141,0.1315
Q8WVC0,162,0.1375
Q8WVC0,179,0.1375
Q8WVC0,212,-0.8219
Q8WVC0,570,0.32075
Q8WVC0,598,0.20025
Q13112,422,0.263
Q7Z6E9,736,0.1667
Q7Z6E9,738,0.1667
Q7Z6E9,1145,0
Q7Z6E9,1294,0.1375
O15014,467,2.7143
O75643,225,0.263
Q9Y3T9,672,-0.16095
Q01105,15,0.32075
Q01105,23,0.1375
Q01105,24,0.20025
Q8IWC1,770,-0.152
P19338,67,0.20025
P19338,69,0.06875
P19338,84,0.585
P19338,121,0.263
P19338,145,-0.23695
P19338,153,-0.23695
P19338,563,0.1375
P19338,619,-0.076
Q9BXK5,303,-0.152
Q9BXK5,305,0.263
Q8IX90,155,0.76305
Q92597,346,-0.16095
Q92597,347,-0.152
Q92597,364,-0.5146
Q01581,495,-0.152
Q5VZL5,122,0.926
Q9Y4F1,889,-0.3333
Q9BWU0,312,-0.5
Q9BWU0,466,0.1375
Q8NHG8,82,0.62545
Q8NHG8,135,0.1375
Q8WUX9,410,1.848
Q8WUX9,417,0.258
Q8NCF5,204,0.3785
Q8NCF5,369,0
Q66K74,472,-0.576
Q66K74,762,0.1375
O15027,1356,0.4854
O15027,1362,0.3785
Q9Y6A5,177,0.263
Q8NDV7,943,0.7655
P57081,391,0
P08047,7,0.1375
Q92522,31,0.06875
Q5VZK9,967,0
Q5VZK9,1094,1
Q5VZK9,1291,0.7655
Q5VZK9,1331,0.4854
Q8NB49,1108,-0.00724999999999999
Q15361,65,-0.8685
Q8NEN9,521,-0.6258
Q13185,93,1.0555
Q13185,95,0.76305
Q13185,97,-0.02945
Q13185,99,-0.52945
Q6PKG0,143,-0.076
Q6PKG0,444,0.5555
Q6PKG0,471,-0.23695
Q6PKG0,550,0.1375
Q6PKG0,554,-0.00724999999999999
Q6PKG0,689,-0.5146
Q6PKG0,697,0.1375
Q6PKG0,747,0.11325
Q9H2G2,189,-0.3219
Q9H2G2,340,0.1375
Q9H2G2,571,-0.3219
Q9H2G2,779,1.1375
Q7KZ85,125,0.1375
Q86UE4,298,2.7831
Q86UE4,426,0
Q86UE4,457,-1
O43491,38,0.1375
O43491,39,-0.3219
O43491,87,-0.152
O43491,89,0.1375
O43491,683,-0.5146
Q8WWM7,111,0.63155
Q8WWM7,594,0.1375
Q8WU90,381,-0.23695
Q96JP5,83,-0.6258
Q96JP5,85,-0.3219
Q9H1A4,355,0.36125
Q9H1A4,563,-0.152
Q9H1A4,686,0.36125
Q9H1A4,688,0.3742
Q14684,513,-0.1258
O75962,2429,0.4854
Q99575,730,0
Q14004,383,0.585
Q14004,870,0
Q14004,871,0.1375
Q8NEF9,203,-0.3219
Q8NEF9,264,0.0555
Q8NEF9,265,-0.3219
Q8WUB8,36,-0.5146
Q8WUB8,270,-0.3219
Q8N7R7,293,0
Q9H2P0,98,-0.076
Q9NRX5,361,-0.3219
O43399,12,0
O43399,21,0.1375
O43399,166,-0.737
Q9NZ53,596,0
P26358,127,-0.1258
P26358,133,0.06875
P26358,714,0.20025
Q9UKX7,221,1.6323
P05386,101,-0.152
P05386,104,-0.152
P61247,237,0.1375
P61247,263,-0.00724999999999999
Q9NR30,71,0.06875
Q9NR30,89,-0.152
Q9NR30,121,-0.3219
P42858,1195,-0.3219
P42858,1199,-0.5146
Q9UEW8,370,-0.5146
Q9UEW8,371,-0.076
Q9UEW8,385,-0.076
Q12789,739,0
Q12789,1062,-3.3219
Q12789,1068,-3.3219
A0A384DVL6,215,0.1375
A0A384DVL6,956,0.20025
A0A384DVL6,1022,0.1375
A0A384DVL6,1024,0.26305
A0A384DVL6,1546,-0.737
A0A384DVL6,1602,-0.152
A0A384DVL6,1977,0.263
A0A384DVL6,1978,-0.152
A0A384DVL6,1980,0.1375
A0A384DVL6,2012,-0.152
A0A384DVL6,2210,0.3742
A0A384DVL6,2230,0.20025
A0A384DVL6,2265,0.3785
Q13283,149,0.1375
Q13283,231,0
Q13283,232,0.1375
Q8TD16,582,-0.152
P11717,2409,-0.16095
Q9NQC3,15,0
Q9UN86,227,0
P12931,17,-0.152
P21359,2514,0.4854
P21359,2543,0.263
Q86WB0,24,-0.152
Q86WB0,321,0.20025
Q86WB0,335,0.11325
Q86WB0,344,0.91795
Q86WB0,395,0.263
Q15007,306,0.20025
Q9UPN9,1119,2.5607
Q6UN15,486,0
O75179,1635,-0.152
O75179,2065,-0.3219
O75179,2067,-0.3219
Q6P2E9,727,0
Q6P2E9,729,0.32075
Q8WUA4,167,-0.3219
Q8WUA4,892,0.4854
Q8WUA4,893,0.263
Q92625,661,-0.076
Q92625,663,0
Q9H7N4,239,0.263
Q9H7N4,874,0.62545
O75717,383,-0.5146
O75717,868,0.20025
P22626,259,0.3785
P55884,117,0
Q5VUA4,464,-0.5146
Q5VUA4,1243,0.1375
Q6PD62,925,0.32075
Q6PD62,970,0.1375
Q6PD62,975,0.3785
Q6PD62,1081,0.11325
Q7L8J4,358,0.3785
Q7L8J4,362,-0.076
P07814,886,-0.3333
P07814,888,-0.152
P49454,276,0.7655
P49454,773,0.63155
P49454,2922,0.572
P49454,3054,0.62545
Q9H1E3,14,0.3785
Q9H1E3,19,0.263
Q9H1E3,54,-0.3219
Q9H1E3,58,0
Q9H1E3,61,-0.076
Q9H1E3,73,-0.3333
Q9H1E3,75,-0.3333
Q9H1E3,79,-0.076
Q9H1E3,113,-0.152
Q9H1E3,144,-1.41825
Q9H1E3,181,-0.076
Q9H1E3,204,-0.16095
Q9H1E3,214,0
Q9H1E3,222,0
Q9H1E3,223,-0.076
O94885,90,0.585
O94885,248,-0.1258
P12270,2155,3.1276
P46013,357,0.263
Q5VT52,374,0
Q5VT52,723,-0.737
Q5VT52,796,-0.3219
Q5VT52,1099,1.8875
Q14152,881,0.0352
Q14152,882,0.6781
O43318,389,0.4854
O43318,439,0.58175
O60832,21,0.43195
O60832,494,-0.52945
Q92538,1298,0.20025
Q92538,1318,0.0555
Q92538,1320,0.1375
Q92538,1324,0.263
Q5VTL8,493,0.32075
Q5VTL8,527,0.26305
Q5VTL8,529,-0.16095
O95218,120,0.1375
O95218,153,0.1375
O95218,181,1
O95218,188,0
Q5JTH9,1080,-0.152
P36871,115,0
P36871,117,0.3785
Q8N5F7,9,-0.18855
Q8N5F7,149,-0.152
O15541,6,0.963
Q9BUH6,148,-0.5146
Q9BUH6,152,0.20025
P08238,226,0
P08238,255,0
P08238,261,0.1375
Q9UKN8,604,0.3785
Q13905,360,-1.737
Q5JTD0,290,0.1375
Q5JTD0,535,0.585
Q9NZ63,261,0.20025
Q969E4,30,-0.152
Q969E4,121,0.1375
Q969E4,125,-0.3219
Q86U90,37,-0.41825
Q3KQU3,399,-2.3219
Q3KQU3,446,-0.737
Q3KQU3,517,0.263
Q3KQU3,742,0.1375
Q3KQU3,813,0.7655
Q9HAW4,225,0.1375
Q9HAW4,1223,0
Q96TA1,646,2.0704
Q96TA1,665,0.1375
Q96TA1,692,-0.3219
Q96TA1,696,-0.3219
P49006,22,0.43195
Q13547,393,0.263
P40222,514,0.7655
Q9H410,58,0.263
Q9H410,81,0.3785
Q8IZ21,128,-0.152
Q8IZ21,186,0.3785
Q8IZ21,474,0.263
Q8IZ21,638,0.4854
Q8N5G2,332,0.263
O95239,1181,0
O95239,1186,0.3785
Q14692,638,0.263
Q9Y4W2,501,-0.152
P20042,2,0
P20042,67,-0.152
P20042,105,-0.076
Q9UNF1,191,0.1375
Q9UNF1,247,0.3785
Q9UKM9,119,0.06875
Q1RLN5,165,0.4854
Q96T58,1918,0.263
Q9Y4H2,306,1.03175
Q9Y4H2,308,0.848
Q9Y4H2,560,0.3785
Q9Y4H2,594,-0.00724999999999999
Q9Y4H2,915,-0.152
Q9Y4H2,976,0
Q9Y4H2,1162,-0.737
Q9Y4H2,1174,2.9449
Q9Y4H2,1176,-0.16095
Q96GX5,370,0
O60333,1487,-0.3219
Q8TEA8,194,-0.737
Q8TEA8,197,0.263
Q96CX2,185,-0.23695
Q09666,41,0.887
Q09666,93,0.7655
Q09666,99,0.80675
Q09666,135,2.95765
Q09666,177,0.263
Q09666,210,2.4696
Q09666,216,0.18925
Q09666,218,0.263
Q09666,490,0.32075
Q09666,511,0.80675
Q09666,570,0.7555
Q09666,1068,2.3505
Q09666,1286,0.3742
Q09666,3054,0.4854
Q09666,3412,1.3208
Q09666,4100,1.34575
Q09666,4220,0.3785
Q09666,4516,1.348
Q09666,4766,2.3785
Q09666,4953,1.1375
Q09666,4960,1.0704
Q09666,5099,1.7225
Q09666,5110,2.2165
Q09666,5448,-0.076
Q09666,5552,0.848
Q09666,5555,0.7655
Q09666,5731,0.20025
Q09666,5739,-2.3219
Q09666,5749,-0.2573
Q09666,5752,0.32075
Q09666,5763,0.3742
Q09666,5780,0.83
Q09666,5782,-1.16095
Q09666,5784,0.97805
Q09666,5841,0.1375
Q09666,5857,-0.3333
Q09666,5863,0.43195
Q09666,5864,2.406
Q8IVP5,13,0
Q8N1G4,431,0.263
Q8N1G4,520,0
Q93008,1600,0.1375
Q93008,2443,-0.3219
Q06265,306,0
P08559,331,0.1375
P08559,333,0.06875
Q9UHY1,2,0
Q96I25,155,0.263
Q96I25,222,0
Q96A49,313,-0.3219
Q9NWH9,289,-0.076
Q9NWH9,553,0
O75475,106,0
O75475,273,0.1375
Q01813,386,-0.00724999999999999
Q9BQG0,11,-1
Q9BQG0,1163,-0.152
Q9BQG0,1267,-0.152
Q9BQG0,1290,0.263
Q9Y217,561,0.62545
P35251,156,0.263
P35251,368,0.263
Q12888,227,0.1375
Q12888,270,0.258
Q12888,299,-0.16095
Q12888,385,-0.076
Q12888,387,-0.16095
Q12888,505,-0.076
Q12888,585,-0.06805
Q12888,814,0.31145
Q12888,1030,0
Q12888,1033,-0.00724999999999999
Q12888,1073,-0.4445
Q12888,1106,0
Q12888,1119,-0.00724999999999999
Q12888,1322,0.263
Q12888,1367,-0.076
Q12888,1435,0.20025
Q12888,1467,0
Q12888,1623,0.7427
Q12888,1683,-0.23695
P46087,765,-0.2573
Q9NRL2,1413,-0.076
Q9NYM9,9,-0.2573
P10809,70,0
E9PER6,214,-0.152
Q8NBN3,540,0
Q96B36,183,0.263
Q96B36,212,-1
Q96B36,246,2.3219
Q32MZ4,555,-0.152
Q32MZ4,713,-1
Q32MZ4,714,0.1375
P24534,8,0
P24534,95,0
P24534,106,0
Q13595,101,-0.152
O94876,382,0.11325
Q96E09,35,1
Q96E09,47,1.0704
Q96E09,76,0.4854
Q9BVJ6,453,-0.737
P35269,331,-0.00724999999999999
P35269,385,-0.3219
Q92934,74,1.5361
Q9UJX2,588,0.258
P06493,14,0
P06493,15,0.4854
Q8NEY8,133,0.1375
Q8NEY8,205,0.1375
Q96QR8,100,-0.3219
Q96QR8,101,-0.152
Q96QR8,304,0
P27816,280,0.4854
P27816,358,-0.3219
P27816,507,0.3785
P27816,521,0
P27816,526,-0.152
P27816,571,0.1375
P27816,636,0.3785
P27816,825,0.263
P27816,1073,-0.3219
Q5T5U3,881,1.263
Q9BUR4,85,0.263
P52948,595,0.848
P52948,606,0.848
P52948,822,0.1375
P52948,871,-0.152
Q92945,480,0.18925
Q6P6C2,64,0.08175
G5E9E7,916,0.263
Q9P206,463,0.4854
Q9P206,604,0
Q9P206,921,-1.3219
Q9P206,988,0.263
Q9P206,1038,-0.3219
Q14978,407,0.263
Q14978,518,0.6781
Q14978,548,0.1375
Q14978,573,0
Q14978,708,0.1375
Q7KZI7,483,-0.3219
Q7KZI7,486,0.1375
A0A3F2YNY6,861,-1.73695
A0A3F2YNY6,911,-1.3219
Q4KMP7,678,-0.3219
P05455,362,-0.16095
P05455,366,0
I1E4Y6,258,0.263
I1E4Y6,404,-0.152
Q9Y2U5,163,0.1375
Q9Y2U5,164,0.1375
Q13610,50,0
O14497,363,0.3742
O95453,619,0.1375
Q8N1F8,387,0.263
Q8N1F8,761,0.263
Q8N1F8,777,0.1375
Q15751,1510,0.1375
Q96N64,81,0
P25788,236,-0.152
P25788,243,0
A0A0C4DG21,221,-0.3219
O75167,522,1
O75167,560,0.6781
Q9H3N1,247,0
Q9H3N1,270,0.3785
Q9H3N1,274,-0.152
Q9H3N1,280,0.3785
Q86V48,611,-0.5146
Q86V48,659,-0.3219
Q86V48,745,-1
Q9NR09,480,0.20025
Q9NR09,482,-0.3219
P13861,58,1.8875
Q9ULL5,651,-0.3219
Q9ULL5,1308,-0.152
P23193,75,-0.737
P23193,76,-0.3219
P23193,79,-0.23695
Q8IY81,688,0.1375
Q02880,1419,0.585
Q02880,1545,1.3785
Q7Z401,1015,0.4854
Q7Z401,1589,-1.737
P30291,127,0.963
P30291,165,-0.06805
Q96S90,51,0.1375
P51991,336,0.1375
P17252,226,0.20025
P17252,497,0
E7EUA0,80,0.3785
Q7RTP6,977,-1
Q7RTP6,1371,-0.076
E7EV54,334,-0.152
E7EV54,338,0.1375
P62995,14,-0.8219
Q92560,521,0.1375
Q96D46,468,-0.737
Q96D46,470,-0.152
Q8N6N3,158,0
Q99442,158,0.263
Q99442,313,0
Q99442,356,0.263
P22234,27,0.1375
Q96RT1,852,-0.3219
Q9P0K7,670,0
P07948,13,-0.3219
A0A0B4J210,75,0.1375
A0A0B4J210,90,0
A0A0B4J210,143,-0.076
P06748,199,0.9515
P63208,131,-1
P48651,442,0
Q6WKZ4,8,0
A0A0A6YYJ5,220,-1
A0A0A6YYJ5,666,1.0704
Q86UU1,324,-0.737
Q86UU1,563,1.263
Q86UU1,583,-0.5146
P42695,1382,0.263
P42695,1384,0.263
Q9Y2W1,55,0
Q9Y2W1,243,0.1375
Q9Y2W1,253,0.6781
Q9Y2W1,320,-0.5146
Q9Y2W1,379,0
Q9Y2W1,408,-0.152
Q9Y2W1,672,0.3785
Q9Y2W1,682,-0.152
Q9Y2W1,928,0.263
Q9Y2W1,939,0.1375
Q9Y2W1,941,-0.3219
Q9C0C2,221,1
Q9C0C2,429,0.49275
Q9C0C2,672,-0.152
Q9C0C2,836,1.805
Q9C0C2,851,0.0352
Q9C0C2,872,-0.076
Q9C0C2,882,0.4854
Q9C0C2,893,-0.152
Q9C0C2,897,-0.5146
Q9C0C2,983,0.3785
Q9C0C2,1024,-0.076
Q9C0C2,1138,0.4854
Q9C0C2,1385,1.572
Q9C0C2,1545,0.76305
Q9C0C2,1666,1.744
Q9UH62,61,0
O43719,494,0.263
O43719,498,0.3785
O43719,529,0
O43719,579,0.263
O43719,616,0.1375
O43719,624,0.1375
O43719,642,0.1375
O43719,676,0.263
O43719,702,0.1375
O43719,713,-0.152
O43719,714,0
O43719,721,0.1375
O95835,464,0.263
O60293,28,0.1375
O60293,352,2.263
O60293,1046,1.0704
Q9UNS1,1173,0.263
P42167,74,-0.152
P42167,156,0.263
P42167,180,-3.3219
P42167,184,0.263
P42167,306,0.83905
H0YJA2,431,0.3785
Q9Y385,266,1.4078
Q13017,1173,0.848
G3V5E1,329,0.06875
G3V5E1,340,0.2165
Q147X3,55,1.0704
O95400,49,0.1375
O95400,194,0
O95400,195,0
Q99567,517,0.1375
Q13425,95,0.3785
Q13425,222,1.9635
Q13425,393,0.585
Q13425,395,0.585
Q8ND56,182,-0.737
Q8ND56,183,-0.3219
Q8ND56,192,0
Q8ND56,194,-0.3219
Q8ND56,216,0
O76021,358,-0.52945
O76021,361,-0.41825
O76021,427,-0.6258
O76021,445,-0.152
O14745,132,0.6781
O14745,137,0.926
P25205,205,1.7655
P25205,717,-0.152
P25205,719,-0.737
P25205,753,0.1375
P25205,756,0.263
P25205,758,-0.3219
Q96T37,294,0.263
Q96T37,568,0
Q96T37,686,1.3785
